信号日,股票代码,因子值,分组,目标仓位,是否触发,滚动均值,滚动标准差,历史阈值
2024-12-31,300750.SZ,1.0,1,-1.0,True,-0.14522916666666721,1.1133668230136464,0.9681376563469792
2025-01-02,300750.SZ,1.0,1,-1.0,True,-0.12856250000000055,1.1154314067676896,0.986868906767689
2025-01-03,300750.SZ,1.0,1,-1.0,True,-0.12856250000000055,1.1154314067676896,0.986868906767689
2025-01-06,300750.SZ,1.0,1,-1.0,True,-0.12856250000000055,1.1154314067676896,0.986868906767689
2025-01-07,300750.SZ,1.0,1,-1.0,True,-0.12856250000000055,1.1154314067676896,0.986868906767689
2025-01-08,300750.SZ,1.0,1,-1.0,True,-0.12856250000000055,1.1154314067676896,0.986868906767689
2025-01-09,300750.SZ,1.0,0,-0.0,False,-0.11189583333333389,1.1172414867567162,1.0053456534233822
2025-01-10,300750.SZ,1.0,0,-0.0,False,-0.09522916666666721,1.1187982982501057,1.0235691315834385
2025-01-13,300750.SZ,1.0,0,-0.0,False,-0.07856250000000055,1.1201028972887586,1.041540397288758
2025-01-14,300750.SZ,1.0,0,-0.0,False,-0.061895833333333886,1.1211561643109198,1.0592603309775859
2025-01-15,300750.SZ,1.0,0,-0.0,False,-0.045229166666667216,1.12195880714955,1.0767296404828828
2025-01-16,300750.SZ,-1.0,0,-0.0,False,-0.02856250000000055,1.1225113634252764,1.0939488634252759
2025-01-17,300750.SZ,-1.0,0,-0.0,False,-0.02856250000000055,1.1225113634252764,1.0939488634252759
2025-01-20,300750.SZ,-1.0,0,-0.0,False,-0.02856250000000055,1.1225113634252764,1.0939488634252759
2025-01-21,300750.SZ,-1.0,0,-0.0,False,-0.02856250000000055,1.1225113634252764,1.0939488634252759
2025-01-22,300750.SZ,-1.0,0,-0.0,False,-0.02856250000000055,1.1225113634252764,1.0939488634252759
2025-01-23,300750.SZ,-1.0,0,-0.0,False,-0.02856250000000055,1.1225113634252764,1.0939488634252759
2025-01-24,300750.SZ,-1.0,0,-0.0,False,-0.02856250000000055,1.1225113634252764,1.0939488634252759
2025-01-27,300750.SZ,-1.0,0,-0.0,False,-0.02856250000000055,1.1225113634252764,1.0939488634252759
2025-02-05,300750.SZ,-1.0,0,-0.0,False,-0.02856250000000055,1.1225113634252764,1.0939488634252759
2025-02-06,300750.SZ,-1.0,0,-0.0,False,-0.045229166666667216,1.12195880714955,1.0767296404828828
2025-02-07,300750.SZ,-1.0,0,-0.0,False,-0.061895833333333886,1.1211561643109198,1.0592603309775859
2025-02-10,300750.SZ,-1.0,0,-0.0,False,-0.07856250000000055,1.1201028972887586,1.041540397288758
2025-02-11,300750.SZ,1.0,0,-0.0,False,-0.09522916666666721,1.1187982982501057,1.0235691315834385
2025-02-12,300750.SZ,1.0,0,-0.0,False,-0.09522916666666721,1.1187982982501057,1.0235691315834385
2025-02-13,300750.SZ,1.0,0,-0.0,False,-0.09522916666666721,1.1187982982501057,1.0235691315834385
2025-02-14,300750.SZ,-1.0,0,-0.0,False,-0.09522916666666721,1.1187982982501057,1.0235691315834385
2025-02-17,300750.SZ,1.0,0,-0.0,False,-0.11189583333333389,1.1172414867567162,1.0053456534233822
2025-02-18,300750.SZ,-1.0,0,-0.0,False,-0.11189583333333389,1.1172414867567162,1.0053456534233822
2025-02-19,300750.SZ,-1.0,0,-0.0,False,-0.12856250000000055,1.1154314067676896,0.986868906767689
2025-02-20,300750.SZ,-1.0,0,-0.0,False,-0.11838916666666677,1.1016710207447789,0.9832818540781121
2025-02-21,300750.SZ,-1.0,0,-0.0,False,-0.11838916666666677,1.1016710207447789,0.9832818540781121
2025-02-24,300750.SZ,-1.0,0,-0.0,False,-0.11838916666666677,1.1016710207447789,0.9832818540781121
2025-02-25,300750.SZ,-1.0,0,-0.0,False,-0.11838916666666677,1.1016710207447789,0.9832818540781121
2025-02-26,300750.SZ,-1.0,0,-0.0,False,-0.11838916666666677,1.1016710207447789,0.9832818540781121
2025-02-27,300750.SZ,-1.0,0,-0.0,False,-0.11838916666666677,1.1016710207447789,0.9832818540781121
2025-02-28,300750.SZ,1.0,1,-1.0,True,-0.11838916666666677,1.1016710207447789,0.9832818540781121
2025-03-03,300750.SZ,1.0,0,-0.0,False,-0.1017225000000001,1.1033487180810697,1.0016262180810696
2025-03-04,300750.SZ,1.0,0,-0.0,False,-0.08505583333333343,1.104770349594793,1.0197145162614596
2025-03-05,300750.SZ,1.0,0,-0.0,False,-0.06838916666666676,1.105936902769243,1.0375477361025762
2025-03-06,300750.SZ,1.0,0,-0.0,False,-0.0517225000000001,1.1068491841168857,1.0551266841168856
2025-03-07,300750.SZ,1.0,0,-0.0,False,-0.03505583333333343,1.1075078219877137,1.0724519886543802
2025-03-10,300750.SZ,1.0,0,-0.0,False,-0.01838916666666677,1.1079132687435813,1.0895241020769146
2025-03-11,300750.SZ,1.0,0,-0.0,False,-0.001722500000000101,1.108065802316166,1.106343302316166
2025-03-12,300750.SZ,1.0,0,-0.0,False,0.014944166666666566,1.1079655271611182,1.1229096938277847
2025-03-13,300750.SZ,1.0,0,-0.0,False,0.031610833333333234,1.1076123746160589,1.139223207949392
2025-03-14,300750.SZ,-1.0,0,-0.0,False,0.031610833333333234,1.1076123746160589,1.139223207949392
2025-03-17,300750.SZ,1.0,0,-0.0,False,0.014944166666666566,1.1079655271611182,1.1229096938277847
2025-03-18,300750.SZ,-1.0,0,-0.0,False,0.014944166666666566,1.1079655271611182,1.1229096938277847
2025-03-19,300750.SZ,-1.0,0,-0.0,False,-0.001722500000000101,1.108065802316166,1.106343302316166
2025-03-20,300750.SZ,-1.0,0,-0.0,False,0.03333333333333333,1.0036348505134869,1.0369681838468203
2025-03-21,300750.SZ,-1.0,0,-0.0,False,0.016666666666666666,1.0040534095852085,1.020720076251875
2025-03-24,300750.SZ,-1.0,0,-0.0,False,0.0,1.0041928905068491,1.0041928905068491
2025-03-25,300750.SZ,-1.0,0,-0.0,False,-0.016666666666666666,1.0040534095852085,0.9873867429185418
2025-03-26,300750.SZ,-1.0,0,-0.0,False,-0.03333333333333333,1.0036348505134869,0.9703015171801536
2025-03-27,300750.SZ,-1.0,0,-0.0,False,-0.05,1.0029368638858276,0.9529368638858275
2025-03-28,300750.SZ,1.0,1,-1.0,True,-0.05,1.0029368638858276,0.9529368638858275
2025-03-31,300750.SZ,-1.0,0,-0.0,False,-0.03333333333333333,1.0036348505134869,0.9703015171801536
2025-04-01,300750.SZ,1.0,1,-1.0,True,-0.03333333333333333,1.0036348505134869,0.9703015171801536
2025-04-02,300750.SZ,1.0,1,-1.0,True,-0.016666666666666666,1.0040534095852085,0.9873867429185418
2025-04-03,300750.SZ,1.0,0,-0.0,False,0.0,1.0041928905068491,1.0041928905068491
2025-04-07,300750.SZ,1.0,0,-0.0,False,0.016666666666666666,1.0040534095852085,1.020720076251875
2025-04-08,300750.SZ,1.0,0,-0.0,False,0.03333333333333333,1.0036348505134869,1.0369681838468203
2025-04-09,300750.SZ,1.0,0,-0.0,False,0.05,1.0029368638858276,1.0529368638858276
2025-04-10,300750.SZ,1.0,0,-0.0,False,0.06666666666666667,1.0019588657362206,1.0686255324028873
2025-04-11,300750.SZ,1.0,0,-0.0,False,0.08333333333333333,1.0007000350874644,1.0840333684207977
2025-04-14,300750.SZ,1.0,0,-0.0,False,0.1,0.9991593104860982,1.0991593104860982
2025-04-15,300750.SZ,1.0,0,-0.0,False,0.11666666666666667,0.9973353854889649,1.1140020521556315
2025-04-16,300750.SZ,1.0,0,-0.0,False,0.13333333333333333,0.99522670305622,1.1285600363895534
2025-04-17,300750.SZ,1.0,0,-0.0,False,0.13333333333333333,0.99522670305622,1.1285600363895534
2025-04-18,300750.SZ,-1.0,0,-0.0,False,0.13333333333333333,0.99522670305622,1.1285600363895534
2025-04-21,300750.SZ,-1.0,0,-0.0,False,0.11666666666666667,0.9973353854889649,1.1140020521556315
2025-04-22,300750.SZ,-1.0,0,-0.0,False,0.1,0.9991593104860982,1.0991593104860982
2025-04-23,300750.SZ,-1.0,0,-0.0,False,0.08333333333333333,1.0007000350874644,1.0840333684207977
2025-04-24,300750.SZ,-1.0,0,-0.0,False,0.06666666666666667,1.0019588657362206,1.0686255324028873
2025-04-25,300750.SZ,-1.0,0,-0.0,False,0.05,1.0029368638858276,1.0529368638858276
2025-04-28,300750.SZ,-1.0,0,-0.0,False,0.03333333333333333,1.0036348505134869,1.0369681838468203
2025-04-29,300750.SZ,-1.0,0,-0.0,False,0.016666666666666666,1.0040534095852085,1.020720076251875
2025-04-30,300750.SZ,-1.0,0,-0.0,False,0.0,1.0041928905068491,1.0041928905068491
2025-05-06,300750.SZ,-1.0,0,-0.0,False,-0.016666666666666666,1.0040534095852085,0.9873867429185418
2025-05-07,300750.SZ,-1.0,0,-0.0,False,-0.03333333333333333,1.0036348505134869,0.9703015171801536
2025-05-08,300750.SZ,-1.0,0,-0.0,False,-0.03333333333333333,1.0036348505134869,0.9703015171801536
2025-05-09,300750.SZ,-1.0,0,-0.0,False,-0.03333333333333333,1.0036348505134869,0.9703015171801536
2025-05-12,300750.SZ,1.0,1,-1.0,True,-0.03333333333333333,1.0036348505134869,0.9703015171801536
2025-05-13,300750.SZ,1.0,1,-1.0,True,-0.03333333333333333,1.0036348505134869,0.9703015171801536
2025-05-14,300750.SZ,-1.0,0,-0.0,False,-0.016666666666666666,1.0040534095852085,0.9873867429185418
2025-05-15,300750.SZ,-1.0,0,-0.0,False,-0.016666666666666666,1.0040534095852085,0.9873867429185418
2025-05-16,300750.SZ,-1.0,0,-0.0,False,-0.016666666666666666,1.0040534095852085,0.9873867429185418
2025-05-19,300750.SZ,-1.0,0,-0.0,False,-0.016666666666666666,1.0040534095852085,0.9873867429185418
2025-05-20,300750.SZ,-1.0,0,-0.0,False,-0.016666666666666666,1.0040534095852085,0.9873867429185418
2025-05-21,300750.SZ,-1.0,0,-0.0,False,-0.016666666666666666,1.0040534095852085,0.9873867429185418
2025-05-22,300750.SZ,-1.0,0,-0.0,False,-0.03333333333333333,1.0036348505134869,0.9703015171801536
2025-05-23,300750.SZ,6.464999999999975,1,-1.0,True,-0.03333333333333333,1.0036348505134869,0.9703015171801536
2025-05-26,300750.SZ,1.0,0,-0.0,False,0.012208333333333125,1.1623590175346934,1.1745673508680265
2025-05-27,300750.SZ,1.0,0,-0.0,False,0.028874999999999793,1.1620619645499726,1.1909369645499723
2025-05-28,300750.SZ,1.0,0,-0.0,False,0.028874999999999793,1.1620619645499726,1.1909369645499723
2025-05-29,300750.SZ,1.0,0,-0.0,False,0.028874999999999793,1.1620619645499726,1.1909369645499723
2025-05-30,300750.SZ,1.0,0,-0.0,False,0.028874999999999793,1.1620619645499726,1.1909369645499723
2025-06-03,300750.SZ,1.0,0,-0.0,False,0.028874999999999793,1.1620619645499726,1.1909369645499723
2025-06-04,300750.SZ,1.0,0,-0.0,False,0.028874999999999793,1.1620619645499726,1.1909369645499723
2025-06-05,300750.SZ,1.0,0,-0.0,False,0.028874999999999793,1.1620619645499726,1.1909369645499723
2025-06-06,300750.SZ,1.0,0,-0.0,False,0.028874999999999793,1.1620619645499726,1.1909369645499723
2025-06-09,300750.SZ,1.0,0,-0.0,False,0.028874999999999793,1.1620619645499726,1.1909369645499723
2025-06-10,300750.SZ,1.0,0,-0.0,False,0.028874999999999793,1.1620619645499726,1.1909369645499723
2025-06-11,300750.SZ,-14.077499999999986,0,-0.0,False,0.04554166666666646,1.1615237015117812,1.2070653681784476
2025-06-12,300750.SZ,-1.0,0,-0.0,False,-0.06343750000000009,1.7332373975635829,1.6697998975635828
2025-06-13,300750.SZ,-1.0,0,-0.0,False,-0.06343750000000009,1.7332373975635829,1.6697998975635828
2025-06-16,300750.SZ,-1.0,0,-0.0,False,-0.06343750000000009,1.7332373975635829,1.6697998975635828
2025-06-17,300750.SZ,-1.0,0,-0.0,False,-0.06343750000000009,1.7332373975635829,1.6697998975635828
2025-06-18,300750.SZ,-1.0,0,-0.0,False,-0.06343750000000009,1.7332373975635829,1.6697998975635828
2025-06-19,300750.SZ,-1.0,0,-0.0,False,-0.06343750000000009,1.7332373975635829,1.6697998975635828
2025-06-20,300750.SZ,-1.0,0,-0.0,False,-0.06343750000000009,1.7332373975635829,1.6697998975635828
2025-06-23,300750.SZ,-1.0,0,-0.0,False,-0.06343750000000009,1.7332373975635829,1.6697998975635828
2025-06-24,300750.SZ,-1.0,0,-0.0,False,-0.06343750000000009,1.7332373975635829,1.6697998975635828
2025-06-25,300750.SZ,-1.0,0,-0.0,False,-0.08010416666666677,1.732541315907643,1.6524371492409762
2025-06-26,300750.SZ,-1.0,0,-0.0,False,-0.09677083333333343,1.7316832049342503,1.6349123716009168
2025-06-27,300750.SZ,-1.0,0,-0.0,False,-0.1134375000000001,1.7306628236274364,1.6172253236274363
2025-06-30,300750.SZ,-1.0,0,-0.0,False,-0.13010416666666677,1.7294798847720632,1.5993757181053965
2025-07-01,300750.SZ,-1.0,0,-0.0,False,-0.14677083333333343,1.7281340545474622,1.5813632212141286
2025-07-02,300750.SZ,-1.0,0,-0.0,False,-0.1634375000000001,1.7266249520531312,1.563187452053131
2025-07-03,300750.SZ,-1.0,0,-0.0,False,-0.18010416666666676,1.7249521487649062,1.5448479820982395
2025-07-04,300750.SZ,-1.0,0,-0.0,False,-0.19677083333333342,1.723115167919783,1.5263443345864496
2025-07-07,300750.SZ,-1.0,0,-0.0,False,-0.21343750000000009,1.7211134838272986,1.5076759838272984
2025-07-08,300750.SZ,-1.0,0,-0.0,False,-0.23010416666666675,1.7189465211051285,1.4888423544384617
2025-07-09,300750.SZ,-1.0,0,-0.0,False,-0.24677083333333344,1.7166136538362589,1.4698428205029255
2025-07-10,300750.SZ,-1.0,0,-0.0,False,-0.2634375000000001,1.714114204644802,1.4506767046448017
2025-07-11,300750.SZ,-1.0,0,-0.0,False,-0.28010416666666677,1.7114474436872018,1.431343277020535
2025-07-14,300750.SZ,-1.0,0,-0.0,False,-0.29677083333333343,1.7086125875552354,1.411841754221902
2025-07-15,300750.SZ,-1.0,0,-0.0,False,-0.3134375000000001,1.7056087980868593,1.3921712980868592
2025-07-16,300750.SZ,-1.0,0,-0.0,False,-0.33010416666666675,1.7024351810805507,1.3723310144138838
2025-07-17,300750.SZ,1.0,0,-0.0,False,-0.3467708333333334,1.6990907849083872,1.3523199515750537
2025-07-18,300750.SZ,1.0,0,-0.0,False,-0.3467708333333334,1.6990907849083872,1.3523199515750537
2025-07-21,300750.SZ,1.0,0,-0.0,False,-0.33010416666666675,1.7024351810805507,1.3723310144138838
2025-07-22,300750.SZ,-1.0,0,-0.0,False,-0.3134375000000001,1.7056087980868593,1.3921712980868592
2025-07-23,300750.SZ,-0.6886000000000649,0,-0.0,False,-0.3134375000000001,1.7056087980868593,1.3921712980868592
2025-07-24,300750.SZ,1.0,0,-0.0,False,-0.31084250000000063,1.7047921434533326,1.393949643453332
2025-07-25,300750.SZ,1.0,0,-0.0,False,-0.29417583333333397,1.707771831284949,1.413595997951615
2025-07-28,300750.SZ,-1.0,0,-0.0,False,-0.2775091666666673,1.7105825846742544,1.433073418007587
2025-07-29,300750.SZ,-1.0,0,-0.0,False,-0.2775091666666673,1.7105825846742544,1.433073418007587
2025-07-30,300750.SZ,1.0,0,-0.0,False,-0.2775091666666673,1.7105825846742544,1.433073418007587
2025-07-31,300750.SZ,1.0,0,-0.0,False,-0.26084250000000064,1.7132252350936583,1.4523827350936576
2025-08-01,300750.SZ,1.0,0,-0.0,False,-0.24417583333333398,1.7157005593176664,1.4715247259843325
2025-08-04,300750.SZ,1.0,0,-0.0,False,-0.2275091666666673,1.718009280601985,1.4905001139353178
2025-08-05,300750.SZ,1.0,0,-0.0,False,-0.21084250000000063,1.7201520697707255,1.5093095697707248
2025-08-06,300750.SZ,1.0,0,-0.0,False,-0.21084250000000063,1.7201520697707255,1.5093095697707248
2025-08-07,300750.SZ,1.0,0,-0.0,False,-0.21084250000000063,1.7201520697707255,1.5093095697707248
2025-08-08,300750.SZ,1.0,0,-0.0,False,-0.21084250000000063,1.7201520697707255,1.5093095697707248
2025-08-11,300750.SZ,1.0,0,-0.0,False,-0.19417583333333396,1.7221295462156254,1.5279537128822915
2025-08-12,300750.SZ,1.0,0,-0.0,False,-0.19417583333333396,1.7221295462156254,1.5279537128822915
2025-08-13,300750.SZ,1.0,0,-0.0,False,-0.1775091666666673,1.7239422788108438,1.5464331121441766
2025-08-14,300750.SZ,-1.0,0,-0.0,False,-0.16084250000000064,1.72559078674655,1.5647482867465494
2025-08-15,300750.SZ,-1.0,0,-0.0,False,-0.16084250000000064,1.72559078674655,1.5647482867465494
2025-08-18,300750.SZ,-1.0,0,-0.0,False,-0.16084250000000064,1.72559078674655,1.5647482867465494
2025-08-19,300750.SZ,-1.0,0,-0.0,False,-0.16084250000000064,1.72559078674655,1.5647482867465494
2025-08-20,300750.SZ,-1.0,0,-0.0,False,-0.16084250000000064,1.72559078674655,1.5647482867465494
2025-08-21,300750.SZ,-1.0,0,-0.0,False,-0.16084250000000064,1.72559078674655,1.5647482867465494
2025-08-22,300750.SZ,-1.0,0,-0.0,False,-0.16084250000000064,1.72559078674655,1.5647482867465494
2025-08-25,300750.SZ,-1.0,0,-0.0,False,-0.1775091666666673,1.7239422788108438,1.5464331121441766
2025-08-26,300750.SZ,-1.0,0,-0.0,False,-0.19417583333333396,1.7221295462156254,1.5279537128822915
2025-08-27,300750.SZ,-1.0,0,-0.0,False,-0.21084250000000063,1.7201520697707255,1.5093095697707248
2025-08-28,300750.SZ,1.0,0,-0.0,False,-0.2275091666666673,1.718009280601985,1.4905001139353178
2025-08-29,300750.SZ,-1.0,0,-0.0,False,-0.2275091666666673,1.718009280601985,1.4905001139353178
2025-09-01,300750.SZ,-1.0,0,-0.0,False,-0.24417583333333398,1.7157005593176664,1.4715247259843325
2025-09-02,300750.SZ,-1.0,0,-0.0,False,-0.26084250000000064,1.7132252350936583,1.4523827350936576
2025-09-03,300750.SZ,-1.0,0,-0.0,False,-0.2775091666666673,1.7105825846742544,1.433073418007587
2025-09-04,300750.SZ,-1.0,0,-0.0,False,-0.29417583333333397,1.707771831284949,1.413595997951615
2025-09-05,300750.SZ,-1.0,0,-0.0,False,-0.31084250000000063,1.7047921434533326,1.393949643453332
2025-09-08,300750.SZ,-1.0,0,-0.0,False,-0.31084250000000063,1.7047921434533326,1.393949643453332
2025-09-09,300750.SZ,-1.0,0,-0.0,False,-0.3275091666666673,1.7016426337337793,1.3741334670671121
2025-09-10,300750.SZ,-1.0,0,-0.0,False,-0.3275091666666673,1.7016426337337793,1.3741334670671121
2025-09-11,300750.SZ,-1.0,0,-0.0,False,-0.3275091666666673,1.7016426337337793,1.3741334670671121
2025-09-12,300750.SZ,1.0,0,-0.0,False,-0.3275091666666673,1.7016426337337793,1.3741334670671121
2025-09-15,300750.SZ,-1.0,0,-0.0,False,-0.31084250000000063,1.7047921434533326,1.393949643453332
2025-09-16,300750.SZ,-1.0,0,-0.0,False,-0.31084250000000063,1.7047921434533326,1.393949643453332
2025-09-17,300750.SZ,-1.0,0,-0.0,False,-0.31084250000000063,1.7047921434533326,1.393949643453332
2025-09-18,300750.SZ,-1.0,0,-0.0,False,-0.31084250000000063,1.7047921434533326,1.393949643453332
2025-09-19,300750.SZ,-1.0,0,-0.0,False,-0.31084250000000063,1.7047921434533326,1.393949643453332
2025-09-22,300750.SZ,-1.0,0,-0.0,False,-0.3275091666666673,1.7016426337337793,1.3741334670671121
2025-09-23,300750.SZ,-1.0,0,-0.0,False,-0.3275091666666673,1.7016426337337793,1.3741334670671121
2025-09-24,300750.SZ,-1.0,0,-0.0,False,-0.34417583333333396,1.698322357331205,1.354146523997871
2025-09-25,300750.SZ,-1.0,0,-0.0,False,-0.3608425000000006,1.694830310618728,1.3339878106187273
2025-09-26,300750.SZ,-1.0,0,-0.0,False,-0.3775091666666673,1.6911654295435705,1.3136562628769033
2025-09-29,300750.SZ,1.0,0,-0.0,False,-0.39417583333333395,1.6873265879150277,1.2931507545816938
2025-09-30,300750.SZ,1.0,0,-0.0,False,-0.39417583333333395,1.6873265879150277,1.2931507545816938
2025-10-09,300750.SZ,1.0,0,-0.0,False,-0.39417583333333395,1.6873265879150277,1.2931507545816938
2025-10-10,300750.SZ,1.0,0,-0.0,False,-0.39417583333333395,1.6873265879150277,1.2931507545816938
2025-10-13,300750.SZ,1.0,0,-0.0,False,-0.39417583333333395,1.6873265879150277,1.2931507545816938
2025-10-14,300750.SZ,1.0,0,-0.0,False,-0.39417583333333395,1.6873265879150277,1.2931507545816938
2025-10-15,300750.SZ,1.0,0,-0.0,False,-0.39417583333333395,1.6873265879150277,1.2931507545816938
2025-10-16,300750.SZ,1.0,0,-0.0,False,-0.39417583333333395,1.6873265879150277,1.2931507545816938
2025-10-17,300750.SZ,1.0,0,-0.0,False,-0.39417583333333395,1.6873265879150277,1.2931507545816938
2025-10-20,300750.SZ,1.0,0,-0.0,False,-0.3775091666666673,1.6911654295435705,1.3136562628769033
2025-10-21,300750.SZ,1.0,0,-0.0,False,-0.3608425000000006,1.694830310618728,1.3339878106187273
2025-10-22,300750.SZ,1.0,0,-0.0,False,-0.34417583333333396,1.698322357331205,1.354146523997871
2025-10-23,300750.SZ,1.0,0,-0.0,False,-0.3275091666666673,1.7016426337337793,1.3741334670671121
2025-10-24,300750.SZ,1.0,0,-0.0,False,-0.31084250000000063,1.7047921434533326,1.393949643453332
2025-10-27,300750.SZ,-1.0,0,-0.0,False,-0.29417583333333397,1.707771831284949,1.413595997951615
2025-10-28,300750.SZ,-1.0,0,-0.0,False,-0.29417583333333397,1.707771831284949,1.413595997951615
2025-10-29,300750.SZ,-1.0,0,-0.0,False,-0.29417583333333397,1.707771831284949,1.413595997951615
2025-10-30,300750.SZ,-1.0,0,-0.0,False,-0.29417583333333397,1.707771831284949,1.413595997951615
2025-10-31,300750.SZ,-1.0,0,-0.0,False,-0.29417583333333397,1.707771831284949,1.413595997951615
2025-11-03,300750.SZ,-1.0,0,-0.0,False,-0.29417583333333397,1.707771831284949,1.413595997951615
2025-11-04,300750.SZ,-1.0,0,-0.0,False,-0.29417583333333397,1.707771831284949,1.413595997951615
2025-11-05,300750.SZ,-1.0,0,-0.0,False,-0.29417583333333397,1.707771831284949,1.413595997951615
2025-11-06,300750.SZ,-1.0,0,-0.0,False,-0.31084250000000063,1.7047921434533326,1.393949643453332
2025-11-07,300750.SZ,-1.0,0,-0.0,False,-0.3275091666666673,1.7016426337337793,1.3741334670671121
2025-11-10,300750.SZ,1.0,0,-0.0,False,-0.3275091666666673,1.7016426337337793,1.3741334670671121
2025-11-11,300750.SZ,1.0,0,-0.0,False,-0.31084250000000063,1.7047921434533326,1.393949643453332
2025-11-12,300750.SZ,1.0,0,-0.0,False,-0.29417583333333397,1.707771831284949,1.413595997951615
2025-11-13,300750.SZ,1.0,0,-0.0,False,-0.2775091666666673,1.7105825846742544,1.433073418007587
2025-11-14,300750.SZ,1.0,0,-0.0,False,-0.26084250000000064,1.7132252350936583,1.4523827350936576
2025-11-17,300750.SZ,1.0,0,-0.0,False,-0.24417583333333398,1.7157005593176664,1.4715247259843325
2025-11-18,300750.SZ,-1.0,0,-0.0,False,-0.2275091666666673,1.718009280601985,1.4905001139353178
2025-11-19,300750.SZ,1.0,0,-0.0,False,-0.2897175000000004,1.6050807687555635,1.3153632687555632
2025-11-20,300750.SZ,1.0,0,-0.0,False,-0.2897175000000004,1.6050807687555635,1.3153632687555632
2025-11-21,300750.SZ,1.0,0,-0.0,False,-0.2897175000000004,1.6050807687555635,1.3153632687555632
2025-11-24,300750.SZ,1.0,0,-0.0,False,-0.2897175000000004,1.6050807687555635,1.3153632687555632
2025-11-25,300750.SZ,1.0,0,-0.0,False,-0.2897175000000004,1.6050807687555635,1.3153632687555632
2025-11-26,300750.SZ,-0.8829999999999245,0,-0.0,False,-0.2897175000000004,1.6050807687555635,1.3153632687555632
2025-11-27,300750.SZ,1.0,0,-0.0,False,-0.30540916666666645,1.6015667070010067,1.2961575403343402
2025-11-28,300750.SZ,1.0,0,-0.0,False,-0.30540916666666645,1.6015667070010067,1.2961575403343402
2025-12-01,300750.SZ,1.0,0,-0.0,False,-0.30540916666666645,1.6015667070010067,1.2961575403343402
2025-12-02,300750.SZ,1.0,0,-0.0,False,-0.30540916666666645,1.6015667070010067,1.2961575403343402
2025-12-03,300750.SZ,1.0,0,-0.0,False,-0.30540916666666645,1.6015667070010067,1.2961575403343402
2025-12-04,300750.SZ,-1.0,0,-0.0,False,-0.30540916666666645,1.6015667070010067,1.2961575403343402
2025-12-05,300750.SZ,-1.0,0,-0.0,False,-0.1964299999999999,0.981439902448239,0.7850099024482391
2025-12-08,300750.SZ,-1.0,0,-0.0,False,-0.1964299999999999,0.981439902448239,0.7850099024482391
2025-12-09,300750.SZ,-1.0,0,-0.0,False,-0.1964299999999999,0.981439902448239,0.7850099024482391
2025-12-10,300750.SZ,-1.0,0,-0.0,False,-0.1964299999999999,0.981439902448239,0.7850099024482391
2025-12-11,300750.SZ,-1.0,0,-0.0,False,-0.1964299999999999,0.981439902448239,0.7850099024482391
2025-12-12,300750.SZ,-1.0,0,-0.0,False,-0.1964299999999999,0.981439902448239,0.7850099024482391
2025-12-15,300750.SZ,-1.0,0,-0.0,False,-0.1964299999999999,0.981439902448239,0.7850099024482391
2025-12-16,300750.SZ,-1.0,0,-0.0,False,-0.1964299999999999,0.981439902448239,0.7850099024482391
2025-12-17,300750.SZ,-1.0,0,-0.0,False,-0.1964299999999999,0.981439902448239,0.7850099024482391
2025-12-18,300750.SZ,1.0,1,-1.0,True,-0.1964299999999999,0.981439902448239,0.7850099024482391
2025-12-19,300750.SZ,1.0,1,-1.0,True,-0.17976333333333325,0.9846557058933956,0.8048923725600623
2025-12-22,300750.SZ,1.0,1,-1.0,True,-0.16309666666666658,0.9875774461223775,0.824480779455711
2025-12-23,300750.SZ,1.0,1,-1.0,True,-0.14642999999999992,0.9902077261570615,0.8437777261570616
2025-12-24,300750.SZ,1.0,1,-1.0,True,-0.12976333333333326,0.9925488631312026,0.8627855297978694
2025-12-25,300750.SZ,1.0,1,-1.0,True,-0.11309666666666658,0.994602898837175,0.8815062321705084
2025-12-26,300750.SZ,1.0,1,-1.0,True,-0.09642999999999992,0.9963716088678686,0.8999416088678687
2025-12-29,300750.SZ,1.0,1,-1.0,True,-0.07976333333333324,0.9978565104517494,0.9180931771184162
2025-12-30,300750.SZ,1.0,1,-1.0,True,-0.06309666666666658,0.9990588690634319,0.9359622023967653
