window,pretom,pretom_only,n_quantiles,win_start,win_end,scheme,phase,gid,sharpe,ann_ret,ann_vol,mdd,calmar,n_days
450,"(9, 4)",True,20,2024-01-01,2025-12-31,full,sweep,w450_p9-4_PT_q20,1.4035,0.2882,0.2053,0.1544,1.8669,467
465,"(9, 4)",True,20,2024-01-01,2025-12-31,full,sweep,w465_p9-4_PT_q20,1.3965,0.2874,0.2058,0.1543,1.8619,467
435,"(9, 4)",True,20,2024-01-01,2025-12-31,full,sweep,w435_p9-4_PT_q20,1.3941,0.2863,0.2054,0.1595,1.7949,467
445,"(9, 4)",True,20,2024-01-01,2025-12-31,full,sweep,w445_p9-4_PT_q20,1.3858,0.2842,0.2051,0.1596,1.7805,467
440,"(9, 4)",True,20,2024-01-01,2025-12-31,full,sweep,w440_p9-4_PT_q20,1.3853,0.2842,0.2051,0.1595,1.7818,467
425,"(9, 4)",True,20,2024-01-01,2025-12-31,full,sweep,w425_p9-4_PT_q20,1.3837,0.2826,0.2042,0.1592,1.7755,467
410,"(9, 4)",True,20,2024-01-01,2025-12-31,full,sweep,w410_p9-4_PT_q20,1.3755,0.2807,0.2041,0.1627,1.7251,467
460,"(9, 4)",True,20,2024-01-01,2025-12-31,full,sweep,w460_p9-4_PT_q20,1.3651,0.2806,0.2055,0.1545,1.8157,467
270,"(9, 4)",True,20,2024-01-01,2025-12-31,full,sweep,w270_p9-4_PT_q20,1.365,0.2887,0.2115,0.1571,1.8375,467
405,"(9, 4)",True,20,2024-01-01,2025-12-31,full,sweep,w405_p9-4_PT_q20,1.3639,0.2788,0.2044,0.1627,1.7132,467
430,"(9, 4)",True,20,2024-01-01,2025-12-31,full,sweep,w430_p9-4_PT_q20,1.3627,0.2797,0.2053,0.1594,1.7546,467
455,"(9, 4)",True,20,2024-01-01,2025-12-31,full,sweep,w455_p9-4_PT_q20,1.3553,0.2782,0.2053,0.1542,1.8046,467
195,"(9, 4)",True,20,2024-01-01,2025-12-31,full,sweep,w195_p9-4_PT_q20,1.3552,0.293,0.2162,0.1732,1.6914,467
470,"(9, 4)",True,20,2024-01-01,2025-12-31,full,sweep,w470_p9-4_PT_q20,1.3501,0.2796,0.2071,0.1587,1.7616,467
245,"(9, 4)",True,20,2024-01-01,2025-12-31,full,sweep,w245_p9-4_PT_q20,1.3483,0.2886,0.214,0.1539,1.8748,467
265,"(9, 4)",True,20,2024-01-01,2025-12-31,full,sweep,w265_p9-4_PT_q20,1.3477,0.287,0.213,0.1565,1.834,467
260,"(9, 4)",True,20,2024-01-01,2025-12-31,full,sweep,w260_p9-4_PT_q20,1.3457,0.2864,0.2128,0.1563,1.8322,467
420,"(9, 4)",True,20,2024-01-01,2025-12-31,full,sweep,w420_p9-4_PT_q20,1.3432,0.2739,0.2039,0.1639,1.6716,467
415,"(9, 4)",True,20,2024-01-01,2025-12-31,full,sweep,w415_p9-4_PT_q20,1.3416,0.2735,0.2039,0.1634,1.6745,467
200,"(9, 4)",True,20,2024-01-01,2025-12-31,full,sweep,w200_p9-4_PT_q20,1.3372,0.2888,0.216,0.1714,1.6854,467
400,"(9, 4)",True,20,2024-01-01,2025-12-31,full,sweep,w400_p9-4_PT_q20,1.3339,0.2748,0.206,0.1621,1.6946,467
190,"(9, 4)",True,20,2024-01-01,2025-12-31,full,sweep,w190_p9-4_PT_q20,1.3299,0.2876,0.2163,0.1723,1.6698,467
475,"(9, 4)",True,20,2024-01-01,2025-12-31,full,sweep,w475_p9-4_PT_q20,1.3203,0.2732,0.2069,0.1655,1.6501,467
480,"(9, 4)",True,20,2024-01-01,2025-12-31,full,sweep,w480_p9-4_PT_q20,1.3172,0.2725,0.2069,0.1651,1.6508,467
240,"(9, 4)",True,20,2024-01-01,2025-12-31,full,sweep,w240_p9-4_PT_q20,1.3161,0.28,0.2128,0.1558,1.7977,467
490,"(9, 4)",True,20,2024-01-01,2025-12-31,full,sweep,w490_p9-4_PT_q20,1.313,0.2709,0.2063,0.1644,1.6475,467
250,"(9, 4)",True,20,2024-01-01,2025-12-31,full,sweep,w250_p9-4_PT_q20,1.3106,0.2793,0.2131,0.1556,1.7948,467
215,"(9, 4)",True,20,2024-01-01,2025-12-31,full,sweep,w215_p9-4_PT_q20,1.3103,0.281,0.2144,0.1732,1.6224,467
205,"(9, 4)",True,20,2024-01-01,2025-12-31,full,sweep,w205_p9-4_PT_q20,1.3075,0.2823,0.2159,0.175,1.6134,467
255,"(9, 4)",True,20,2024-01-01,2025-12-31,full,sweep,w255_p9-4_PT_q20,1.307,0.2791,0.2135,0.1537,1.8162,467
235,"(9, 4)",True,20,2024-01-01,2025-12-31,full,sweep,w235_p9-4_PT_q20,1.3026,0.2801,0.215,0.1584,1.7684,467
495,"(9, 4)",True,20,2024-01-01,2025-12-31,full,sweep,w495_p9-4_PT_q20,1.2982,0.2674,0.2059,0.1646,1.6247,467
320,"(9, 4)",True,20,2024-01-01,2025-12-31,full,sweep,w320_p9-4_PT_q20,1.2981,0.2707,0.2085,0.1627,1.6639,467
285,"(9, 4)",True,20,2024-01-01,2025-12-31,full,sweep,w285_p9-4_PT_q20,1.2977,0.2694,0.2076,0.1599,1.6847,467
210,"(9, 4)",True,20,2024-01-01,2025-12-31,full,sweep,w210_p9-4_PT_q20,1.2976,0.2795,0.2154,0.1748,1.5986,467
315,"(9, 4)",True,20,2024-01-01,2025-12-31,full,sweep,w315_p9-4_PT_q20,1.2976,0.2692,0.2075,0.1628,1.6542,467
485,"(9, 4)",True,20,2024-01-01,2025-12-31,full,sweep,w485_p9-4_PT_q20,1.2971,0.2675,0.2063,0.1645,1.6259,467
395,"(9, 4)",True,20,2024-01-01,2025-12-31,full,sweep,w395_p9-4_PT_q20,1.2951,0.2665,0.2058,0.1622,1.643,467
300,"(9, 4)",True,20,2024-01-01,2025-12-31,full,sweep,w300_p9-4_PT_q20,1.2935,0.2683,0.2075,0.1557,1.7231,467
275,"(9, 4)",True,20,2024-01-01,2025-12-31,full,sweep,w275_p9-4_PT_q20,1.2928,0.2705,0.2092,0.1625,1.6645,467
325,"(9, 4)",True,20,2024-01-01,2025-12-31,full,sweep,w325_p9-4_PT_q20,1.2922,0.2697,0.2087,0.1626,1.6582,467
330,"(9, 4)",True,20,2024-01-01,2025-12-31,full,sweep,w330_p9-4_PT_q20,1.2915,0.2688,0.2081,0.1617,1.662,467
290,"(9, 4)",True,20,2024-01-01,2025-12-31,full,sweep,w290_p9-4_PT_q20,1.2871,0.2675,0.2078,0.1577,1.6955,467
170,"(9, 4)",True,20,2024-01-01,2025-12-31,full,sweep,w170_p9-4_PT_q20,1.2846,0.2768,0.2154,0.1739,1.5918,467
335,"(9, 4)",True,20,2024-01-01,2025-12-31,full,sweep,w335_p9-4_PT_q20,1.284,0.2667,0.2077,0.1628,1.6381,467
225,"(9, 4)",True,20,2024-01-01,2025-12-31,full,sweep,w225_p9-4_PT_q20,1.2823,0.2765,0.2156,0.1742,1.5875,467
280,"(9, 4)",True,20,2024-01-01,2025-12-31,full,sweep,w280_p9-4_PT_q20,1.2803,0.2665,0.2081,0.1597,1.6689,467
370,"(9, 4)",True,20,2024-01-01,2025-12-31,full,sweep,w370_p9-4_PT_q20,1.28,0.2646,0.2067,0.163,1.6233,467
220,"(9, 4)",True,20,2024-01-01,2025-12-31,full,sweep,w220_p9-4_PT_q20,1.2798,0.2761,0.2157,0.1731,1.5945,467
390,"(9, 4)",True,20,2024-01-01,2025-12-31,full,sweep,w390_p9-4_PT_q20,1.2777,0.2633,0.2061,0.1619,1.6266,467
365,"(9, 4)",True,20,2024-01-01,2025-12-31,full,sweep,w365_p9-4_PT_q20,1.2764,0.2641,0.2069,0.1634,1.6171,467
385,"(9, 4)",True,20,2024-01-01,2025-12-31,full,sweep,w385_p9-4_PT_q20,1.2745,0.263,0.2063,0.162,1.6231,467
295,"(9, 4)",True,20,2024-01-01,2025-12-31,full,sweep,w295_p9-4_PT_q20,1.2744,0.2652,0.2081,0.1547,1.7142,467
185,"(9, 4)",True,20,2024-01-01,2025-12-31,full,sweep,w185_p9-4_PT_q20,1.2724,0.2753,0.2164,0.1719,1.6019,467
175,"(9, 4)",True,20,2024-01-01,2025-12-31,full,sweep,w175_p9-4_PT_q20,1.2709,0.2745,0.216,0.1743,1.5744,467
500,"(9, 4)",True,20,2024-01-01,2025-12-31,full,sweep,w500_p9-4_PT_q20,1.2655,0.2598,0.2053,0.164,1.584,467
180,"(9, 4)",True,20,2024-01-01,2025-12-31,full,sweep,w180_p9-4_PT_q20,1.2649,0.2732,0.216,0.1725,1.5842,467
305,"(9, 4)",True,20,2024-01-01,2025-12-31,full,sweep,w305_p9-4_PT_q20,1.2579,0.2606,0.2072,0.1558,1.6728,467
310,"(9, 4)",True,20,2024-01-01,2025-12-31,full,sweep,w310_p9-4_PT_q20,1.254,0.2594,0.2068,0.1622,1.5992,467
230,"(9, 4)",True,20,2024-01-01,2025-12-31,full,sweep,w230_p9-4_PT_q20,1.2494,0.2681,0.2145,0.1755,1.5276,467
355,"(9, 4)",True,20,2024-01-01,2025-12-31,full,sweep,w355_p9-4_PT_q20,1.2471,0.2577,0.2066,0.1648,1.5635,467
340,"(9, 4)",True,20,2024-01-01,2025-12-31,full,sweep,w340_p9-4_PT_q20,1.2448,0.2575,0.2068,0.1638,1.5723,467
380,"(9, 4)",True,20,2024-01-01,2025-12-31,full,sweep,w380_p9-4_PT_q20,1.2437,0.2575,0.207,0.1632,1.5773,467
375,"(9, 4)",True,20,2024-01-01,2025-12-31,full,sweep,w375_p9-4_PT_q20,1.2403,0.2568,0.2071,0.164,1.5661,467
165,"(9, 4)",True,20,2024-01-01,2025-12-31,full,sweep,w165_p9-4_PT_q20,1.2403,0.2668,0.2151,0.1758,1.5174,467
160,"(9, 4)",True,20,2024-01-01,2025-12-31,full,sweep,w160_p9-4_PT_q20,1.2345,0.2657,0.2153,0.1776,1.4965,467
360,"(9, 4)",True,20,2024-01-01,2025-12-31,full,sweep,w360_p9-4_PT_q20,1.2285,0.2543,0.207,0.1657,1.5345,467
350,"(9, 4)",True,20,2024-01-01,2025-12-31,full,sweep,w350_p9-4_PT_q20,1.2009,0.2489,0.2073,0.1673,1.4875,467
345,"(9, 4)",True,20,2024-01-01,2025-12-31,full,sweep,w345_p9-4_PT_q20,1.1794,0.2438,0.2067,0.1697,1.437,467
150,"(9, 4)",True,20,2024-01-01,2025-12-31,full,sweep,w150_p9-4_PT_q20,1.1791,0.2534,0.2149,0.1774,1.4287,467
155,"(9, 4)",True,20,2024-01-01,2025-12-31,full,sweep,w155_p9-4_PT_q20,1.1753,0.2525,0.2148,0.176,1.4345,467
140,"(9, 4)",True,20,2024-01-01,2025-12-31,full,sweep,w140_p9-4_PT_q20,1.1159,0.2434,0.2181,0.1858,1.3101,467
145,"(9, 4)",True,20,2024-01-01,2025-12-31,full,sweep,w145_p9-4_PT_q20,1.1153,0.2413,0.2164,0.1856,1.3,467
135,"(9, 4)",True,20,2024-01-01,2025-12-31,full,sweep,w135_p9-4_PT_q20,1.059,0.2317,0.2188,0.1859,1.2461,467
130,"(9, 4)",True,20,2024-01-01,2025-12-31,full,sweep,w130_p9-4_PT_q20,1.0033,0.219,0.2182,0.1837,1.1922,467
95,"(9, 4)",True,20,2024-01-01,2025-12-31,full,sweep,w95_p9-4_PT_q20,0.926,0.2071,0.2236,0.183,1.1317,467
125,"(9, 4)",True,20,2024-01-01,2025-12-31,full,sweep,w125_p9-4_PT_q20,0.9245,0.2033,0.2199,0.1898,1.0711,467
115,"(9, 4)",True,20,2024-01-01,2025-12-31,full,sweep,w115_p9-4_PT_q20,0.9244,0.2044,0.2211,0.1888,1.0826,467
120,"(9, 4)",True,20,2024-01-01,2025-12-31,full,sweep,w120_p9-4_PT_q20,0.9223,0.2029,0.22,0.1887,1.0752,467
100,"(9, 4)",True,20,2024-01-01,2025-12-31,full,sweep,w100_p9-4_PT_q20,0.8639,0.1906,0.2206,0.183,1.0413,467
105,"(9, 4)",True,20,2024-01-01,2025-12-31,full,sweep,w105_p9-4_PT_q20,0.8607,0.1872,0.2175,0.1829,1.0236,467
110,"(9, 4)",True,20,2024-01-01,2025-12-31,full,sweep,w110_p9-4_PT_q20,0.8606,0.1881,0.2185,0.1823,1.0316,467
90,"(9, 4)",True,20,2024-01-01,2025-12-31,full,sweep,w90_p9-4_PT_q20,0.8375,0.1885,0.2251,0.1883,1.0011,467
85,"(9, 4)",True,20,2024-01-01,2025-12-31,full,sweep,w85_p9-4_PT_q20,0.809,0.1828,0.226,0.184,0.9939,467
80,"(9, 4)",True,20,2024-01-01,2025-12-31,full,sweep,w80_p9-4_PT_q20,0.7138,0.1616,0.2264,0.1879,0.8602,467
75,"(9, 4)",True,20,2024-01-01,2025-12-31,full,sweep,w75_p9-4_PT_q20,0.656,0.1471,0.2243,0.1845,0.7974,467
70,"(9, 4)",True,20,2024-01-01,2025-12-31,full,sweep,w70_p9-4_PT_q20,0.6524,0.1461,0.224,0.1892,0.7723,467
65,"(9, 4)",True,20,2024-01-01,2025-12-31,full,sweep,w65_p9-4_PT_q20,0.6263,0.1435,0.2291,0.1909,0.7515,467
30,"(9, 4)",True,20,2024-01-01,2025-12-31,full,sweep,w30_p9-4_PT_q20,0.626,0.1383,0.2209,0.1755,0.7881,467
20,"(9, 4)",True,20,2024-01-01,2025-12-31,full,sweep,w20_p9-4_PT_q20,0.5877,0.1298,0.2208,0.1868,0.6948,467
25,"(9, 4)",True,20,2024-01-01,2025-12-31,full,sweep,w25_p9-4_PT_q20,0.5659,0.1267,0.2239,0.186,0.6813,467
60,"(9, 4)",True,20,2024-01-01,2025-12-31,full,sweep,w60_p9-4_PT_q20,0.5516,0.126,0.2284,0.1936,0.6507,467
35,"(9, 4)",True,20,2024-01-01,2025-12-31,full,sweep,w35_p9-4_PT_q20,0.5432,0.1181,0.2175,0.1853,0.6373,467
55,"(9, 4)",True,20,2024-01-01,2025-12-31,full,sweep,w55_p9-4_PT_q20,0.5049,0.115,0.2278,0.1963,0.5861,467
40,"(9, 4)",True,20,2024-01-01,2025-12-31,full,sweep,w40_p9-4_PT_q20,0.446,0.0988,0.2215,0.1867,0.529,467
50,"(9, 4)",True,20,2024-01-01,2025-12-31,full,sweep,w50_p9-4_PT_q20,0.3922,0.0878,0.2238,0.206,0.426,467
45,"(9, 4)",True,20,2024-01-01,2025-12-31,full,sweep,w45_p9-4_PT_q20,0.3638,0.0811,0.223,0.2004,0.4048,467
